-- This file is responsible for initializing the database with some mandatory data. Must be the second file to be executed.
-- Withouth this file, we cannot create users, set roles, etc. because, obviously, we don't have any data to work with.

-- CREATE USER ROLES
USE BUD

INSERT INTO BUD.roles
    (id, [name])
VALUES
    (1, 'Student'),
    (2, 'Teacher'),
    (3, 'Administator'),
    (4, 'Staff')

-- CREATE STATUS
INSERT INTO BUD.status
    (id, [name])
VALUES
    (1, 'Open'),
    (2, 'In Progress'),
    (3, 'Closed')

-- CREATE PRIORITY
INSERT INTO BUD.priority
	(id, [name])
VALUES
	(1, 'High'),
	(2, 'Medium'),
	(3, 'Low')

-- CREATE DEPARTMENTS
INSERT INTO BUD.department
    (code, [name])
VALUES
    (2, 'DLC - Departamento de Línguas e Culturas'),
    (4, 'DETI - Departamento de Eletrónica, Telecomunicações e Informática'),
    (5, 'DEP - Departamento de Educação e Psicologia; Mediateca; UACoopera'),
    (7, 'DAO - Departamento de Ambiente e Ordenamento'),
    (8, 'DBIO - Departamento de Biologia'),
    (9, 'DEMC - Departamento de Engenharia de Materiais e Cerâmica'),
    (10, 'DEGEIT - Departamento de Economia, Gestão e Engenharia Industrial e Turismo'),
    (11, 'DMAT - Departamento de Matemática'),
    (12, 'DCSPT - Departamento de Ciências Sociais, Políticas e do Território'),
    (13, 'DFIS - Departamento de Física'),
    (14, 'LAB - Laboratório Central de Análises'),
    (15, 'DQ - Departamento de Química'),
    (16, 'DGEO - Departamento de Geociências'),
    (21, 'DECA - Departamento de Comunicação e Arte'),
    (22, 'DEM - Departamento de Engenharia Mecânica'),
    (23, 'CP - Complexo Pedagógico, Científico e Tecnológico'),
    (24, 'IEETA – Instituto de Engenharia Eletrónica e Telemática de Aveiro'),
    (27, 'STIC - Serviços de Tecnologias de Informação e Comunicação'),
    (28, 'DEC - Departamento de Engenharia Civil'),
    (29, 'CP - Complexo de Laboratórios Tecnológicos'),
    (32, 'CICFANO – Complexo Interdisciplinar de Ciências Físicas Aplicadas à Nanotecnologia e à Oceanografia'),
    (35, 'ISCA - Instituto Superior de Contabilidade e Administração da UA'),
    (36, 'ECOMARE - Laboratório para a Inovação e Sustentabilidade dos Recursos Biológicos Marinhos da Universidade de Aveiro'),
    (37, 'CESAM – Centro de Estudos do Ambiente e do Mar'),
    (40, 'CCCI – Complexo das Ciências de Comunicação e Imagem')

--CREATE SERVICES
INSERT INTO BUD.[service]
    (id, [name], description)
VALUES
    (1, 'Email', 'Manage and provide access to email accounts.'),
    (2, 'Web Hosting', 'Web content hosting platform for projects, partnerships, UCs and personal pages.'),
    (3, 'Audiovisual', 'Installation of equipment, management of the Educast platform and support for audiovisual productions.'),
    (4, 'E-Learning', 'Manage areas and users of the support platform for distance learning.'),
    (5, 'Online Surveys', 'Service to create forms and surveys for data collection within the scope of projects.'),
    (6, 'Networks', 'Departmental data communications service, internet access, through wired and wireless network.'),
    (7, 'User Management', 'Management of the electronic identity of the academic community users: personal data'),
    (8, 'Helpdesk', 'Technical support for face-to-face or video-call assistance.'),
    (9, 'Report an Incident', 'Request assistance for a security, performance, or availability issue.')

--CREATE CATEGORIES
INSERT INTO BUD.category
    (id, [name], description, minimum_role, service_id)
VALUES
    (1, 'Create an email account for project, event or institution', 'Request the creation of an email account for a project, event or institution.', 3, 1),
    (2, 'Delegate access to project email account', 'Request access letting a user access a project email account.', 3, 1),
    (3, 'Redirect email to an external account', 'Request the redirection of an email account to an external account from other email providers.', 3, 1),
    (4, 'Delete a mailling list', 'Request the deletion of a mailing list.', 3, 1),
    (5, 'Change/Recover project email account password', 'Request the change or recovery of the password for a project email account.', 1, 1),
    (6, 'Request operations on generic websites', 'Request operation on generic websites related to projects, partnerships, UCs and personal pages.', 1, 2),
    (7, 'Educast', 'Platform for the dissemination of audiovisual content.', 2, 3),
    (8, 'Create an area in the e-learning platform', 'Request the creation of a page for a project, event or course in the e-learning platform.', 2, 4),
    (9, 'Associate user with course in Moodle', 'Request the association of a user with a course in the e-learning platform.', 1, 4),
    (10, 'Create / change physical connection to network', 'Request the creation or change of a physical connection to a network socket.', 1, 6)

--CREATE ROOMS
INSERT INTO BUD.room
    (department_id, [floor], [number], [name])
VALUES
    (2, 1, 1, 'Auditorium 1'),
    (2, 1, 2, 'Auditorium 2'),
    (2, 1, 3, 'Auditorium 3'),
    (2, 2, 1, 'Room 2.2.1'),
    (2, 2, 2, 'Room 2.2.2'),
    (2, 2, 3, 'Room 2.2.3'),
    (2, 2, 4, 'Room 2.2.4'),
    (2, 2, 5, 'Room 2.2.5'),
    (2, 2, 6, 'Room 2.2.6'),
    (2, 2, 7, 'Room 2.2.7'),
    (2, 2, 8, 'Room 2.2.8'),
    (2, 2, 9, 'Room 2.2.9'),
    (2, 2, 10, 'Room 2.2.10'),
    (2, 3, 1, 'Office 2.3.1'),
    (2, 3, 2, 'Office 2.3.2'),
    (2, 3, 3, 'Office 2.3.3'),
    (2, 3, 4, 'Office 2.3.4'),
    (2, 3, 5, 'Office 2.3.5'),
    (4, 1, 1, 'Auditorium 1'),
    (4, 1, 2, 'Auditorium 2'),
    (4, 1, 3, 'Auditorium 3'),
    (4, 2, 1, 'Room 4.2.1'),
    (4, 2, 2, 'Room 4.2.2'),
    (4, 2, 3, 'Room 4.2.3'),
    (4, 2, 4, 'Room 4.2.4'),
    (4, 2, 5, 'Room 4.2.5'),
    (4, 2, 6, 'Room 4.2.6'),
    (4, 2, 7, 'Room 4.2.7'),
    (4, 2, 8, 'Room 4.2.8'),
    (4, 2, 9, 'Room 4.2.9'),
    (4, 2, 10, 'Room 4.2.10'),
    (4, 3, 1, 'Office 4.3.1'),
    (4, 3, 2, 'Office 4.3.2'),
    (4, 3, 3, 'Office 4.3.3'),
    (4, 3, 4, 'Office 4.3.4'),
    (4, 3, 5, 'Office 4.3.5'),
    (5, 1, 1, 'Auditorium 1'),
    (5, 1, 2, 'Auditorium 2'),
    (5, 1, 3, 'Auditorium 3'),
    (5, 2, 1, 'Room 5.2.1'),
    (5, 2, 2, 'Room 5.2.2'),
    (5, 2, 3, 'Room 5.2.3'),
    (5, 2, 4, 'Room 5.2.4'),
    (5, 2, 5, 'Room 5.2.5'),
    (5, 2, 6, 'Room 5.2.6'),
    (5, 2, 7, 'Room 5.2.7'),
    (5, 2, 8, 'Room 5.2.8'),
    (5, 2, 9, 'Room 5.2.9'),
    (5, 2, 10, 'Room 5.2.10'),
    (5, 3, 1, 'Office 5.3.1'),
    (5, 3, 2, 'Office 5.3.2'),
    (5, 3, 3, 'Office 5.3.3'),
    (5, 3, 4, 'Office 5.3.4'),
    (5, 3, 5, 'Office 5.3.5'),
    (7, 1, 1, 'Auditorium 1'),
    (7, 1, 2, 'Auditorium 2'),
    (7, 1, 3, 'Auditorium 3'),
    (7, 2, 1, 'Room 7.2.1'),
    (7, 2, 2, 'Room 7.2.2'),
    (7, 2, 3, 'Room 7.2.3'),
    (7, 2, 4, 'Room 7.2.4'),
    (7, 2, 5, 'Room 7.2.5'),
    (7, 2, 6, 'Room 7.2.6'),
    (7, 2, 7, 'Room 7.2.7'),
    (7, 2, 8, 'Room 7.2.8'),
    (7, 2, 9, 'Room 7.2.9'),
    (7, 2, 10, 'Room 7.2.10'),
    (7, 3, 1, 'Office 7.3.1'),
    (7, 3, 2, 'Office 7.3.2'),
    (7, 3, 3, 'Office 7.3.3'),
    (7, 3, 4, 'Office 7.3.4'),
    (7, 3, 5, 'Office 7.3.5'),
    (8, 1, 1, 'Auditorium 1'),
    (8, 1, 2, 'Auditorium 2'),
    (8, 1, 3, 'Auditorium 3'),
    (8, 2, 1, 'Room 8.2.1'),
    (8, 2, 2, 'Room 8.2.2'),
    (8, 2, 3, 'Room 8.2.3'),
    (8, 2, 4, 'Room 8.2.4'),
    (8, 2, 5, 'Room 8.2.5'),
    (8, 2, 6, 'Room 8.2.6'),
    (8, 2, 7, 'Room 8.2.7'),
    (8, 2, 8, 'Room 8.2.8'),
    (8, 2, 9, 'Room 8.2.9'),
    (8, 2, 10, 'Room 8.2.10'),
    (8, 3, 1, 'Office 8.3.1'),
    (8, 3, 2, 'Office 8.3.2'),
    (8, 3, 3, 'Office 8.3.3'),
    (8, 3, 4, 'Office 8.3.4'),
    (8, 3, 5, 'Office 8.3.5'),
    (9, 1, 1, 'Auditorium 1'),
    (9, 1, 2, 'Auditorium 2'),
    (9, 1, 3, 'Auditorium 3'),
    (9, 2, 1, 'Room 9.2.1'),
    (9, 2, 2, 'Room 9.2.2'),
    (9, 2, 3, 'Room 9.2.3'),
    (9, 2, 4, 'Room 9.2.4'),
    (9, 2, 5, 'Room 9.2.5'),
    (9, 2, 6, 'Room 9.2.6'),
    (9, 2, 7, 'Room 9.2.7'),
    (9, 2, 8, 'Room 9.2.8'),
    (9, 2, 9, 'Room 9.2.9'),
    (9, 2, 10, 'Room 9.2.10'),
    (9, 3, 1, 'Office 9.3.1'),
    (9, 3, 2, 'Office 9.3.2'),
    (9, 3, 3, 'Office 9.3.3'),
    (9, 3, 4, 'Office 9.3.4'),
    (9, 3, 5, 'Office 9.3.5'),
    (10, 1, 1, 'Auditorium 1'),
   (10, 1, 2, 'Auditorium 2'),
   (10, 1, 3, 'Auditorium 3'),
   (10, 2, 1, 'Room 10.2.1'),
    (10, 2, 2, 'Room 10.2.2'),
    (10, 2, 3, 'Room 10.2.3'),
    (10, 2, 4, 'Room 10.2.4'),
    (10, 2, 5, 'Room 10.2.5'),
    (10, 2, 6, 'Room 10.2.6'),
    (10, 2, 7, 'Room 10.2.7'),
    (10, 2, 8, 'Room 10.2.8'),
    (10, 2, 9, 'Room 10.2.9'),
    (10, 2, 10, 'Room 10.2.10'),
    (10, 3, 1, 'Office 10.3.1'),
    (10, 3, 2, 'Office 10.3.2'),
    (10, 3, 3, 'Office 10.3.3'),
    (10, 3, 4, 'Office 10.3.4'),
    (10, 3, 5, 'Office 10.3.5'),
    (11, 1, 1, 'Auditorium 1'),
   (11, 1, 2, 'Auditorium 2'),
   (11, 1, 3, 'Auditorium 3'),
   (11, 2, 1, 'Room 11.2.1'),
    (11, 2, 2, 'Room 11.2.2'),
    (11, 2, 3, 'Room 11.2.3'),
    (11, 2, 4, 'Room 11.2.4'),
    (11, 2, 5, 'Room 11.2.5'),
    (11, 2, 6, 'Room 11.2.6'),
    (11, 2, 7, 'Room 11.2.7'),
    (11, 2, 8, 'Room 11.2.8'),
    (11, 2, 9, 'Room 11.2.9'),
    (11, 2, 10, 'Room 11.2.10'),
    (11, 3, 1, 'Office 11.3.1'),
    (11, 3, 2, 'Office 11.3.2'),
    (11, 3, 3, 'Office 11.3.3'),
    (11, 3, 4, 'Office 11.3.4'),
    (11, 3, 5, 'Office 11.3.5'),
    (12, 1, 1, 'Auditorium 1'),
   (12, 1, 2, 'Auditorium 2'),
   (12, 1, 3, 'Auditorium 3'),
   (12, 2, 1, 'Room 12.2.1'),
    (12, 2, 2, 'Room 12.2.2'),
    (12, 2, 3, 'Room 12.2.3'),
    (12, 2, 4, 'Room 12.2.4'),
    (12, 2, 5, 'Room 12.2.5'),
    (12, 2, 6, 'Room 12.2.6'),
    (12, 2, 7, 'Room 12.2.7'),
    (12, 2, 8, 'Room 12.2.8'),
    (12, 2, 9, 'Room 12.2.9'),
    (12, 2, 10, 'Room 12.2.10'),
    (12, 3, 1, 'Office 12.3.1'),
    (12, 3, 2, 'Office 12.3.2'),
    (12, 3, 3, 'Office 12.3.3'),
    (12, 3, 4, 'Office 12.3.4'),
    (12, 3, 5, 'Office 12.3.5'),
    (13, 1, 1, 'Auditorium 1'),
   (13, 1, 2, 'Auditorium 2'),
   (13, 1, 3, 'Auditorium 3'),
   (13, 2, 1, 'Room 13.2.1'),
    (13, 2, 2, 'Room 13.2.2'),
    (13, 2, 3, 'Room 13.2.3'),
    (13, 2, 4, 'Room 13.2.4'),
    (13, 2, 5, 'Room 13.2.5'),
    (13, 2, 6, 'Room 13.2.6'),
    (13, 2, 7, 'Room 13.2.7'),
    (13, 2, 8, 'Room 13.2.8'),
    (13, 2, 9, 'Room 13.2.9'),
    (13, 2, 10, 'Room 13.2.10'),
    (13, 3, 1, 'Office 13.3.1'),
    (13, 3, 2, 'Office 13.3.2'),
    (13, 3, 3, 'Office 13.3.3'),
    (13, 3, 4, 'Office 13.3.4'),
    (13, 3, 5, 'Office 13.3.5'),
    (14, 1, 1, 'Auditorium 1'),
   (14, 1, 2, 'Auditorium 2'),
   (14, 1, 3, 'Auditorium 3'),
   (14, 2, 1, 'Room 14.2.1'),
    (14, 2, 2, 'Room 14.2.2'),
    (14, 2, 3, 'Room 14.2.3'),
    (14, 2, 4, 'Room 14.2.4'),
    (14, 2, 5, 'Room 14.2.5'),
    (14, 2, 6, 'Room 14.2.6'),
    (14, 2, 7, 'Room 14.2.7'),
    (14, 2, 8, 'Room 14.2.8'),
    (14, 2, 9, 'Room 14.2.9'),
    (14, 2, 10, 'Room 14.2.10'),
    (14, 3, 1, 'Office 14.3.1'),
    (14, 3, 2, 'Office 14.3.2'),
    (14, 3, 3, 'Office 14.3.3'),
    (14, 3, 4, 'Office 14.3.4'),
    (14, 3, 5, 'Office 14.3.5'),
    (15, 1, 1, 'Auditorium 1'),
   (15, 1, 2, 'Auditorium 2'),
   (15, 1, 3, 'Auditorium 3'),
   (15, 2, 1, 'Room 15.2.1'),
    (15, 2, 2, 'Room 15.2.2'),
    (15, 2, 3, 'Room 15.2.3'),
    (15, 2, 4, 'Room 15.2.4'),
    (15, 2, 5, 'Room 15.2.5'),
    (15, 2, 6, 'Room 15.2.6'),
    (15, 2, 7, 'Room 15.2.7'),
    (15, 2, 8, 'Room 15.2.8'),
    (15, 2, 9, 'Room 15.2.9'),
    (15, 2, 10, 'Room 15.2.10'),
    (15, 3, 1, 'Office 15.3.1'),
    (15, 3, 2, 'Office 15.3.2'),
    (15, 3, 3, 'Office 15.3.3'),
    (15, 3, 4, 'Office 15.3.4'),
    (15, 3, 5, 'Office 15.3.5'),
    (16, 1, 1, 'Auditorium 1'),
   (16, 1, 2, 'Auditorium 2'),
   (16, 1, 3, 'Auditorium 3'),
   (16, 2, 1, 'Room 16.2.1'),
    (16, 2, 2, 'Room 16.2.2'),
    (16, 2, 3, 'Room 16.2.3'),
    (16, 2, 4, 'Room 16.2.4'),
    (16, 2, 5, 'Room 16.2.5'),
    (16, 2, 6, 'Room 16.2.6'),
    (16, 2, 7, 'Room 16.2.7'),
    (16, 2, 8, 'Room 16.2.8'),
    (16, 2, 9, 'Room 16.2.9'),
    (16, 2, 10, 'Room 16.2.10'),
    (16, 3, 1, 'Office 16.3.1'),
    (16, 3, 2, 'Office 16.3.2'),
    (16, 3, 3, 'Office 16.3.3'),
    (16, 3, 4, 'Office 16.3.4'),
    (16, 3, 5, 'Office 16.3.5'),
    (21, 1, 1, 'Auditorium 1'),
   (21, 1, 2, 'Auditorium 2'),
   (21, 1, 3, 'Auditorium 3'),
   (21, 2, 1, 'Room 21.2.1'),
    (21, 2, 2, 'Room 21.2.2'),
    (21, 2, 3, 'Room 21.2.3'),
    (21, 2, 4, 'Room 21.2.4'),
    (21, 2, 5, 'Room 21.2.5'),
    (21, 2, 6, 'Room 21.2.6'),
    (21, 2, 7, 'Room 21.2.7'),
    (21, 2, 8, 'Room 21.2.8'),
    (21, 2, 9, 'Room 21.2.9'),
    (21, 2, 10, 'Room 21.2.10'),
    (21, 3, 1, 'Office 21.3.1'),
    (21, 3, 2, 'Office 21.3.2'),
    (21, 3, 3, 'Office 21.3.3'),
    (21, 3, 4, 'Office 21.3.4'),
    (21, 3, 5, 'Office 21.3.5'),
    (22, 1, 1, 'Auditorium 1'),
   (22, 1, 2, 'Auditorium 2'),
   (22, 1, 3, 'Auditorium 3'),
   (22, 2, 1, 'Room 22.2.1'),
    (22, 2, 2, 'Room 22.2.2'),
    (22, 2, 3, 'Room 22.2.3'),
    (22, 2, 4, 'Room 22.2.4'),
    (22, 2, 5, 'Room 22.2.5'),
    (22, 2, 6, 'Room 22.2.6'),
    (22, 2, 7, 'Room 22.2.7'),
    (22, 2, 8, 'Room 22.2.8'),
    (22, 2, 9, 'Room 22.2.9'),
    (22, 2, 10, 'Room 22.2.10'),
    (22, 3, 1, 'Office 22.3.1'),
    (22, 3, 2, 'Office 22.3.2'),
    (22, 3, 3, 'Office 22.3.3'),
    (22, 3, 4, 'Office 22.3.4'),
    (22, 3, 5, 'Office 22.3.5'),
    (23, 1, 1, 'Auditorium 1'),
   (23, 1, 2, 'Auditorium 2'),
   (23, 1, 3, 'Auditorium 3'),
   (23, 2, 1, 'Room 23.2.1'),
    (23, 2, 2, 'Room 23.2.2'),
    (23, 2, 3, 'Room 23.2.3'),
    (23, 2, 4, 'Room 23.2.4'),
    (23, 2, 5, 'Room 23.2.5'),
    (23, 2, 6, 'Room 23.2.6'),
    (23, 2, 7, 'Room 23.2.7'),
    (23, 2, 8, 'Room 23.2.8'),
    (23, 2, 9, 'Room 23.2.9'),
    (23, 2, 10, 'Room 23.2.10'),
    (23, 3, 1, 'Office 23.3.1'),
    (23, 3, 2, 'Office 23.3.2'),
    (23, 3, 3, 'Office 23.3.3'),
    (23, 3, 4, 'Office 23.3.4'),
    (23, 3, 5, 'Office 23.3.5'),
    (24, 1, 1, 'Auditorium 1'),
   (24, 1, 2, 'Auditorium 2'),
   (24, 1, 3, 'Auditorium 3'),
   (24, 2, 1, 'Room 24.2.1'),
    (24, 2, 2, 'Room 24.2.2'),
    (24, 2, 3, 'Room 24.2.3'),
    (24, 2, 4, 'Room 24.2.4'),
    (24, 2, 5, 'Room 24.2.5'),
    (24, 2, 6, 'Room 24.2.6'),
    (24, 2, 7, 'Room 24.2.7'),
    (24, 2, 8, 'Room 24.2.8'),
    (24, 2, 9, 'Room 24.2.9'),
    (24, 2, 10, 'Room 24.2.10'),
    (24, 3, 1, 'Office 24.3.1'),
    (24, 3, 2, 'Office 24.3.2'),
    (24, 3, 3, 'Office 24.3.3'),
    (24, 3, 4, 'Office 24.3.4'),
    (24, 3, 5, 'Office 24.3.5'),
    (27, 1, 1, 'Auditorium 1'),
   (27, 1, 2, 'Auditorium 2'),
   (27, 1, 3, 'Auditorium 3'),
   (27, 2, 1, 'Room 27.2.1'),
    (27, 2, 2, 'Room 27.2.2'),
    (27, 2, 3, 'Room 27.2.3'),
    (27, 2, 4, 'Room 27.2.4'),
    (27, 2, 5, 'Room 27.2.5'),
    (27, 2, 6, 'Room 27.2.6'),
    (27, 2, 7, 'Room 27.2.7'),
    (27, 2, 8, 'Room 27.2.8'),
    (27, 2, 9, 'Room 27.2.9'),
    (27, 2, 10, 'Room 27.2.10'),
    (27, 3, 1, 'Office 27.3.1'),
    (27, 3, 2, 'Office 27.3.2'),
    (27, 3, 3, 'Office 27.3.3'),
    (27, 3, 4, 'Office 27.3.4'),
    (27, 3, 5, 'Office 27.3.5'),
    (28, 1, 1, 'Auditorium 1'),
   (28, 1, 2, 'Auditorium 2'),
   (28, 1, 3, 'Auditorium 3'),
   (28, 2, 1, 'Room 28.2.1'),
    (28, 2, 2, 'Room 28.2.2'),
    (28, 2, 3, 'Room 28.2.3'),
    (28, 2, 4, 'Room 28.2.4'),
    (28, 2, 5, 'Room 28.2.5'),
    (28, 2, 6, 'Room 28.2.6'),
    (28, 2, 7, 'Room 28.2.7'),
    (28, 2, 8, 'Room 28.2.8'),
    (28, 2, 9, 'Room 28.2.9'),
    (28, 2, 10, 'Room 28.2.10'),
    (28, 3, 1, 'Office 28.3.1'),
    (28, 3, 2, 'Office 28.3.2'),
    (28, 3, 3, 'Office 28.3.3'),
    (28, 3, 4, 'Office 28.3.4'),
    (28, 3, 5, 'Office 28.3.5'),
    (29, 1, 1, 'Auditorium 1'),
   (29, 1, 2, 'Auditorium 2'),
   (29, 1, 3, 'Auditorium 3'),
   (29, 2, 1, 'Room 29.2.1'),
    (29, 2, 2, 'Room 29.2.2'),
    (29, 2, 3, 'Room 29.2.3'),
    (29, 2, 4, 'Room 29.2.4'),
    (29, 2, 5, 'Room 29.2.5'),
    (29, 2, 6, 'Room 29.2.6'),
    (29, 2, 7, 'Room 29.2.7'),
    (29, 2, 8, 'Room 29.2.8'),
    (29, 2, 9, 'Room 29.2.9'),
    (29, 2, 10, 'Room 29.2.10'),
    (29, 3, 1, 'Office 29.3.1'),
    (29, 3, 2, 'Office 29.3.2'),
    (29, 3, 3, 'Office 29.3.3'),
    (29, 3, 4, 'Office 29.3.4'),
    (29, 3, 5, 'Office 29.3.5'),
    (32, 1, 1, 'Auditorium 1'),
   (32, 1, 2, 'Auditorium 2'),
   (32, 1, 3, 'Auditorium 3'),
   (32, 2, 1, 'Room 32.2.1'),
    (32, 2, 2, 'Room 32.2.2'),
    (32, 2, 3, 'Room 32.2.3'),
    (32, 2, 4, 'Room 32.2.4'),
    (32, 2, 5, 'Room 32.2.5'),
    (32, 2, 6, 'Room 32.2.6'),
    (32, 2, 7, 'Room 32.2.7'),
    (32, 2, 8, 'Room 32.2.8'),
    (32, 2, 9, 'Room 32.2.9'),
    (32, 2, 10, 'Room 32.2.10'),
    (32, 3, 1, 'Office 32.3.1'),
    (32, 3, 2, 'Office 32.3.2'),
    (32, 3, 3, 'Office 32.3.3'),
    (32, 3, 4, 'Office 32.3.4'),
    (32, 3, 5, 'Office 32.3.5'),
    (35, 1, 1, 'Auditorium 1'),
    (35, 1, 2, 'Auditorium 2'),
    (35, 1, 3, 'Auditorium 3'),
    (35, 2, 1, 'Room 35.2.1'),
    (35, 2, 2, 'Room 35.2.2'),
    (35, 2, 3, 'Room 35.2.3'),
    (35, 2, 4, 'Room 35.2.4'),
    (35, 2, 5, 'Room 35.2.5'),
    (35, 2, 6, 'Room 35.2.6'),
    (35, 2, 7, 'Room 35.2.7'),
    (35, 2, 8, 'Room 35.2.8'),
    (35, 2, 9, 'Room 35.2.9'),
    (35, 2, 10, 'Room 35.2.10'),
    (35, 3, 1, 'Office 35.3.1'),
    (35, 3, 2, 'Office 35.3.2'),
    (35, 3, 3, 'Office 35.3.3'),
    (35, 3, 4, 'Office 35.3.4'),
    (35, 3, 5, 'Office 35.3.5'),
    (36, 1, 1, 'Auditorium 1'),
    (36, 1, 2, 'Auditorium 2'),
    (36, 1, 3, 'Auditorium 3'),
    (36, 2, 1, 'Room 36.2.1'),
    (36, 2, 2, 'Room 36.2.2'),
    (36, 2, 3, 'Room 36.2.3'),
    (36, 2, 4, 'Room 36.2.4'),
    (36, 2, 5, 'Room 36.2.5'),
    (36, 2, 6, 'Room 36.2.6'),
    (36, 2, 7, 'Room 36.2.7'),
    (36, 2, 8, 'Room 36.2.8'),
    (36, 2, 9, 'Room 36.2.9'),
    (36, 2, 10, 'Room 36.2.10'),
    (36, 3, 1, 'Office 36.3.1'),
    (36, 3, 2, 'Office 36.3.2'),
    (36, 3, 3, 'Office 36.3.3'),
    (36, 3, 4, 'Office 36.3.4'),
    (36, 3, 5, 'Office 36.3.5'),
    (37, 1, 1, 'Auditorium 1'),
    (37, 1, 2, 'Auditorium 2'),
    (37, 1, 3, 'Auditorium 3'),
    (37, 2, 1, 'Room 37.2.1'),
    (37, 2, 2, 'Room 37.2.2'),
    (37, 2, 3, 'Room 37.2.3'),
    (37, 2, 4, 'Room 37.2.4'),
    (37, 2, 5, 'Room 37.2.5'),
    (37, 2, 6, 'Room 37.2.6'),
    (37, 2, 7, 'Room 37.2.7'),
    (37, 2, 8, 'Room 37.2.8'),
    (37, 2, 9, 'Room 37.2.9'),
    (37, 2, 10, 'Room 37.2.10'),
    (37, 3, 1, 'Office 37.3.1'),
    (37, 3, 2, 'Office 37.3.2'),
    (37, 3, 3, 'Office 37.3.3'),
    (37, 3, 4, 'Office 37.3.4'),
    (37, 3, 5, 'Office 37.3.5'),
    (40, 1, 1, 'Auditorium 1'),
    (40, 1, 2, 'Auditorium 2'),
    (40, 1, 3, 'Auditorium 3'),
    (40, 2, 1, 'Room 40.2.1'),
    (40, 2, 2, 'Room 40.2.2'),
    (40, 2, 3, 'Room 40.2.3'),
    (40, 2, 4, 'Room 40.2.4'),
    (40, 2, 5, 'Room 40.2.5'),
    (40, 2, 6, 'Room 40.2.6'),
    (40, 2, 7, 'Room 40.2.7'),
    (40, 2, 8, 'Room 40.2.8'),
    (40, 2, 9, 'Room 40.2.9'),
    (40, 2, 10, 'Room 40.2.10'),
    (40, 3, 1, 'Office 40.3.1'),
    (40, 3, 2, 'Office 40.3.2'),
    (40, 3, 3, 'Office 40.3.3'),
    (40, 3, 4, 'Office 40.3.4'),
    (40, 3, 5, 'Office 40.3.5')

-- CREATE ARTICLES
INSERT INTO BUD.article
    (id, title, author, content, [date], [service_id])
VALUES
    (1, 'Como criar uma conta de email para projeto', 'João Silva', 'Criar uma conta de email para um projeto é um passo essencial para garantir a comunicação eficiente e profissional. Primeiro, acesse o portal de gerenciamento de contas da universidade. Em seguida, selecione a opção para criar uma nova conta de email. Preencha todos os campos obrigatórios, incluindo o nome do projeto, evento ou instituição, e o nome do responsável. Depois de revisar todas as informações, clique em "Enviar" para completar a solicitação. A nova conta de email estará disponível dentro de alguns dias úteis.', '2022-02-15', 1),
    (2, 'Como delegar acesso a uma conta de email de projeto', 'Ana Pereira', 'Delegar acesso a uma conta de email de projeto permite que vários membros da equipe possam monitorar e responder às comunicações importantes. Para delegar acesso, acesse a configuração da conta de email e selecione a opção de "Delegar Acesso". Insira os endereços de email dos usuários que você deseja conceder acesso. Certifique-se de que esses usuários têm as permissões necessárias. Após configurar, cada usuário receberá um email de confirmação e instruções sobre como acessar a conta delegada.', '2022-03-10', 1),
    (3, 'Como redirecionar email para uma conta externa', 'Carlos Santos', 'Redirecionar emails para uma conta externa pode ser útil para centralizar todas as suas comunicações em um único lugar. Primeiro, entre na configuração da sua conta de email institucional. Procure pela opção de "Encaminhamento" ou "Redirecionamento". Insira o endereço de email externo para o qual você deseja que seus emails sejam encaminhados. Salve as configurações e teste o redirecionamento enviando um email para a sua conta institucional e verificando se ele chega na conta externa especificada.', '2022-04-05', 1),
    (4, 'Como eliminar uma lista de mail', 'Maria Oliveira', 'Eliminar uma lista de mail que não é mais necessária pode ajudar a manter sua caixa de entrada organizada e evitar comunicações desnecessárias. Para isso, acesse o painel de controle da sua conta de email e navegue até a seção de "Listas de Email". Selecione a lista que você deseja eliminar e clique na opção "Excluir". Confirme a exclusão quando solicitado. É importante lembrar que esta ação é permanente e a lista não poderá ser recuperada.', '2022-05-20', 1),
    (5, 'Como alterar ou recuperar a senha de uma conta de email de projeto', 'Pedro Costa', 'Se você precisar alterar ou recuperar a senha de uma conta de email de projeto, siga estas etapas: Primeiro, acesse o portal de recuperação de senha. Insira o endereço de email do projeto e clique em "Esqueci minha senha". Você receberá um email com um link para redefinir a senha. Clique no link e siga as instruções para criar uma nova senha. Certifique-se de escolher uma senha forte e segura. Se você tiver problemas, entre em contato com o suporte técnico da universidade para assistência adicional.', '2022-06-15', 1),
    (6, 'Como solicitar operações em sites genéricos', 'Rita Fernandes', 'Solicitar operações em sites genéricos é um processo simples. Primeiro, vá ao portal de serviços web da universidade. Selecione "Solicitar Operação" e preencha o formulário com o endereço do site e uma descrição detalhada da operação necessária. Inclua todas as informações relevantes, como alterações de conteúdo, atualizações de segurança ou modificações de design. Após enviar a solicitação, a equipe de TI revisará e entrará em contato com você para confirmar os detalhes e o cronograma da operação.', '2022-07-01', 2),
    (7, 'Como configurar um site de projeto', 'Bruno Lima', 'Configurar um site para seu projeto pode melhorar a visibilidade e a comunicação. Para começar, acesse o portal de hospedagem web da universidade e selecione a opção para criar um novo site. Escolha um template adequado ao seu projeto e personalize-o inserindo informações como o nome do projeto, objetivos e contatos. Adicione seções para notícias, eventos e documentos importantes. Revise todas as informações e publique o site. Certifique-se de compartilhar o link do site com todos os interessados.', '2022-08-05', 2),
    (8, 'Boas práticas para hospedagem web', 'Sara Martins', 'Manter um site bem organizado e seguro é fundamental para a credibilidade do seu projeto. Algumas boas práticas incluem: garantir que todas as informações estejam atualizadas, utilizar senhas fortes para acesso ao painel de controle, realizar backups regulares do site e utilizar plugins de segurança para proteger contra ataques. Além disso, monitore o desempenho do site e otimize-o para garantir tempos de carregamento rápidos. Por fim, mantenha uma comunicação clara e aberta com os visitantes, respondendo rapidamente a qualquer dúvida ou comentário.', '2022-09-10', 2),
    (9, 'Como utilizar a plataforma Educast', 'Miguel Almeida', 'A plataforma Educast permite a criação e a disseminação de conteúdo audiovisual educacional. Para utilizar a plataforma, faça login com suas credenciais universitárias. Em seguida, acesse a seção de "Uploads" e carregue seu vídeo. Adicione um título, descrição e tags para facilitar a busca. Depois de carregar, você pode editar o vídeo utilizando as ferramentas disponíveis, como corte e adição de legendas. Quando estiver satisfeito, publique o vídeo e compartilhe o link com seus alunos ou colegas.', '2022-08-10', 3),
    (10, 'Como gravar e editar vídeos para Educast', 'Patrícia Lopes', 'Gravar e editar vídeos de qualidade é essencial para um bom conteúdo educacional. Primeiro, escolha um ambiente silencioso e bem iluminado para a gravação. Use uma câmera de boa qualidade e um microfone externo para melhor captura de áudio. Durante a gravação, fale claramente e mantenha um ritmo constante. Após a gravação, utilize softwares de edição, como Adobe Premiere ou iMovie, para cortar partes indesejadas, adicionar transições e incluir legendas. Salve o vídeo em um formato compatível e faça o upload para o Educast.', '2022-09-15', 3),
    (11, 'Configurações de equipamento audiovisual', 'Jorge Faria', 'Para configurar equipamentos audiovisuais, siga estas etapas: Primeiro, posicione o equipamento em uma área estável e conecte todos os cabos necessários. Ligue o dispositivo e ajuste as configurações de vídeo e áudio para obter a melhor qualidade possível. Teste o equipamento antes do uso para garantir que tudo está funcionando corretamente. Se necessário, ajuste a iluminação e o som ambiente para melhorar a qualidade da gravação ou transmissão. Mantenha os manuais do equipamento por perto para solucionar possíveis problemas.', '2022-10-20', 3),
    (12, 'Como criar uma área na plataforma e-learning', 'Sofia Martins', 'Criar uma área na plataforma e-learning é simples e eficaz para gerenciar cursos e projetos. Acesse o portal e-learning e faça login com suas credenciais. Selecione a opção para criar uma nova área e preencha os campos necessários, como nome do curso, descrição e datas importantes. Adicione materiais de estudo, como PDFs, vídeos e links úteis. Configure as permissões de acesso para os alunos e instrutores. Finalmente, revise todas as informações e publique a área. Informe aos alunos sobre a nova área e como acessá-la.', '2022-09-25', 4),
    (13, 'Como associar um usuário a um curso no Moodle', 'Tiago Rodrigues', 'Associar um usuário a um curso no Moodle é uma tarefa simples. Primeiro, faça login na plataforma Moodle e navegue até o curso desejado. Acesse a seção de participantes e clique em "Inscrever Usuários". Digite o nome ou email do usuário que você deseja associar e selecione-o na lista. Escolha o papel adequado para o usuário, como estudante ou instrutor. Após configurar as permissões, clique em "Concluir". O usuário receberá uma notificação e poderá acessar o curso imediatamente.', '2022-10-30', 4),
    (14, 'Melhores práticas para ensino a distância', 'André Silva', 'Ensinar a distância requer planejamento e adaptação. Utilize ferramentas interativas, como fóruns e quizzes, para engajar os alunos. Mantenha as aulas curtas e objetivas, dividindo o conteúdo em módulos. Use vídeos, apresentações e leituras complementares para diversificar o aprendizado. Estabeleça um cronograma claro e comunique-se regularmente com os alunos para esclarecer dúvidas. Ofereça feedback construtivo e incentivador. Finalmente, esteja aberto a adaptar suas técnicas de ensino com base no feedback dos alunos.', '2022-11-05', 4),
    (15, 'Como criar formulários e pesquisas online', 'Helena Duarte', 'Criar formulários e pesquisas online é uma maneira eficaz de coletar dados. Utilize ferramentas como Google Forms ou SurveyMonkey. Primeiro, defina o objetivo da pesquisa e as informações que você deseja coletar. Crie perguntas claras e objetivas, evitando questões ambíguas. Inclua diferentes tipos de perguntas, como múltipla escolha, escala de Likert e campos de texto. Teste o formulário antes de enviá-lo para garantir que todas as perguntas estão funcionais. Após a coleta, analise os dados e utilize-os para tomar decisões informadas.', '2022-11-15', 5),
    (16, 'Análise de dados coletados via pesquisas online', 'Cláudia Nunes', 'Analisar dados de pesquisas online envolve várias etapas. Primeiro, exporte os dados da ferramenta de coleta para uma planilha, como Excel ou Google Sheets. Organize os dados, removendo respostas incompletas ou duplicadas. Utilize gráficos e tabelas para visualizar as respostas e identificar tendências. Realize análises estatísticas, como média, mediana e desvio padrão, para entender os resultados. Interprete os dados e prepare um relatório detalhado, destacando os principais achados e recomendações.', '2022-12-01', 5),
    (17, 'Como distribuir formulários online', 'João Carvalho', 'Distribuir formulários online de maneira eficaz é crucial para obter uma boa taxa de resposta. Envie os formulários via email para o seu público-alvo, incluindo uma mensagem clara sobre o propósito da pesquisa. Utilize redes sociais e plataformas de comunicação interna para alcançar um público mais amplo. Incentive a participação oferecendo incentivos, como sorteios ou certificados de participação. Monitore a distribuição e envie lembretes para aqueles que ainda não responderam. Certifique-se de que o formulário é acessível em dispositivos móveis.', '2023-01-10', 5),
    (18, 'Como criar ou alterar uma conexão física à rede do departamento', 'Paulo Moreira', 'Para criar ou alterar uma conexão física à rede do departamento, primeiro, identifique a localização da conexão desejada. Entre em contato com o suporte técnico do departamento e forneça detalhes sobre a sua solicitação, incluindo a localização exata e o motivo da alteração. A equipe técnica agendará uma visita para realizar a instalação ou alteração necessária. Durante a visita, eles garantirão que a conexão esteja funcionando corretamente e fornecerão instruções sobre como conectar seus dispositivos à rede.', '2022-12-20', 6),
    (19, 'Configuração de rede sem fio para departamentos', 'Fernanda Ribeiro', 'Configurar uma rede sem fio para departamentos envolve várias etapas. Primeiro, determine a melhor localização para os roteadores para garantir uma cobertura adequada. Configure os roteadores com uma senha forte e segura. Utilize a configuração WPA3 para a melhor segurança. Configure a rede para permitir o acesso apenas a dispositivos autorizados. Teste a rede em diferentes áreas do departamento para garantir um sinal forte e estável. Ofereça orientações aos usuários sobre como conectar-se à rede de forma segura.', '2023-02-01', 6),
    (20, 'Melhores práticas para segurança de rede', 'Marcos Tavares', 'Manter a segurança da rede é fundamental para proteger os dados do departamento. Use senhas fortes e altere-as regularmente. Habilite a autenticação de dois fatores para todos os acessos importantes. Monitore a rede continuamente para detectar atividades suspeitas. Mantenha todos os softwares e dispositivos atualizados com os patches de segurança mais recentes. Treine os usuários para reconhecerem e evitarem ataques de phishing e outras ameaças online. Implementar estas práticas ajudará a manter a rede segura contra invasões e ataques.', '2023-03-05', 6),
    (21, 'Gestão da identidade eletrônica dos usuários', 'Teresa Silva', 'A gestão da identidade eletrônica dos usuários é crucial para a segurança e organização. Atribua um ID único para cada usuário e mantenha registros detalhados. Utilize um sistema de gerenciamento de identidades para controlar o acesso a recursos e dados. Verifique periodicamente os acessos e atualize as permissões conforme necessário. Implementar políticas de senha seguras e exigir a autenticação de dois fatores. Eduque os usuários sobre a importância da segurança de suas credenciais e os riscos associados ao compartilhamento de informações.', '2023-01-05', 7),
    (22, 'Como atualizar dados pessoais na plataforma', 'Ricardo Mendes', 'Atualizar dados pessoais na plataforma é importante para manter as informações corretas e atualizadas. Acesse o portal do usuário com suas credenciais e navegue até a seção de informações pessoais. Revise os dados existentes e faça as alterações necessárias. Certifique-se de que todas as informações, como endereço, telefone e email, estão corretas. Salve as mudanças e verifique se foram aplicadas corretamente. Manter seus dados atualizados é essencial para receber comunicações importantes e acessar serviços.', '2023-02-15', 7),
    (23, 'Regras de segurança para identidade eletrônica', 'Marta Lopes', 'Para garantir a segurança da identidade eletrônica, siga estas regras: Use senhas fortes e únicas para cada conta. Ative a autenticação de dois fatores sempre que possível. Nunca compartilhe suas credenciais com terceiros. Monitore regularmente suas contas para detectar qualquer atividade suspeita. Mantenha seu software de segurança atualizado. Evite acessar informações sensíveis em redes Wi-Fi públicas. Se você suspeitar que sua identidade foi comprometida, altere imediatamente suas senhas e informe o suporte técnico.', '2023-03-25', 7),
    (24, 'Como solicitar suporte técnico', 'Vasco Ribeiro', 'Solicitar suporte técnico pode ajudar a resolver rapidamente problemas técnicos. Primeiro, identifique o problema e reúna todas as informações relevantes, como mensagens de erro e passos realizados. Acesse o portal de suporte técnico e preencha o formulário de solicitação com os detalhes do problema. Se possível, anexe capturas de tela ou logs de erro. Envie a solicitação e aguarde o contato do suporte técnico. Eles podem oferecer suporte presencial, remoto ou por videochamada, dependendo da natureza do problema.', '2023-02-10', 8),
    (25, 'Solucionando problemas comuns de TI', 'Isabel Costa', 'Problemas comuns de TI podem ser resolvidos com algumas etapas simples. Primeiro, reinicie o dispositivo para resolver problemas temporários. Verifique as conexões de rede e garanta que todos os cabos estejam corretamente conectados. Atualize o sistema operacional e os drivers para a versão mais recente. Verifique as configurações de segurança e os logs de erro para identificar problemas. Se o problema persistir, procure assistência no portal de suporte técnico ou entre em contato com o suporte especializado.', '2023-03-20', 8),
    (26, 'Suporte técnico por videochamada', 'Nuno Ferreira', 'O suporte técnico por videochamada oferece assistência rápida e eficaz. Para solicitar este tipo de suporte, acesse o portal de suporte técnico e selecione a opção de suporte por videochamada. Agende um horário conveniente e forneça detalhes sobre o problema. Durante a videochamada, compartilhe a tela do seu dispositivo e siga as instruções do técnico. Essa forma de suporte permite uma resolução mais rápida e eficiente dos problemas, especialmente para questões que exigem uma demonstração visual.', '2023-04-30', 8),
    (27, 'Como relatar um incidente de segurança', 'Leonor Sousa', 'Relatar um incidente de segurança rapidamente pode ajudar a minimizar os danos. Primeiro, identifique o tipo de incidente, como uma tentativa de phishing ou acesso não autorizado. Reúna todas as informações relevantes, incluindo capturas de tela e logs. Acesse o portal de incidentes de segurança e preencha o formulário de relatório, fornecendo todos os detalhes coletados. Envie o relatório e aguarde o contato da equipe de segurança. Eles investigarão o incidente e tomarão as medidas necessárias para proteger os sistemas.', '2023-03-15', 9),
    (28, 'Reportando problemas de desempenho', 'Diogo Correia', 'Problemas de desempenho podem afetar a produtividade e precisam ser relatados prontamente. Primeiro, identifique os sintomas do problema, como lentidão ou travamentos. Reúna informações sobre quando e onde o problema ocorre. Acesse o portal de suporte e preencha o formulário de relatório de desempenho, descrevendo o problema em detalhes. Anexe logs de desempenho, se disponíveis. Envie o relatório e a equipe de suporte entrará em contato para investigar e resolver o problema. Manter um registro dos problemas pode ajudar a identificar padrões e prevenir ocorrências futuras.', '2023-04-05', 9),
    (29, 'Procedimentos para incidentes de disponibilidade', 'Renata Costa', 'Incidentes de disponibilidade, como quedas de serviço, podem ser críticos. Para relatar um incidente, primeiro verifique se o problema não é local, como uma falha de conexão. Se for um problema generalizado, reúna informações sobre o impacto e a duração do incidente. Acesse o portal de incidentes e preencha o formulário específico, fornecendo todos os detalhes relevantes. Envie o relatório e a equipe responsável investigará a causa do incidente e trabalhará para restaurar a disponibilidade o mais rápido possível. Manter uma comunicação aberta com os usuários durante o incidente é essencial para reduzir a frustração e garantir que todos estejam informados sobre o status da resolução.', '2023-05-10', 9)

-- CREATE FIELDS
INSERT INTO BUD.field
    (id, [name])
VALUES
    (1, 'Department'),
    (2, 'Desired email account'),
    (3, 'Project/Event/Institution name'),
    (4, 'Responsible'),
    (5, 'Project/Event email account'),
    (6, 'List of UUs (Separated by;)'),
    (7, 'Destination email account'),
    (8, 'Mailling List ID'),
    (9, 'Site address'),
    (10, 'Link to the video'),
    (11, 'Name of the area'),
    (12, 'Brief description of the need'),
    (13, 'Course Code'),
    (14, 'Course Name'),
    (15, 'User ID'),
    (16, 'User Email'),
    (17, 'Room'),
    (18, 'Network socket(s) to be intervened')

-- CREATE CATEGORY FIELDS
INSERT INTO BUD.category_field
    (category_id, field_id)
VALUES
    (1,1),
    (1,2),
    (1,3),
    (1,4),
    (2,1),
    (2,5),
    (2,6),
    (3,16),
    (3,7),
    (4,1),
    (4,8),
    (5,5),
    (5,12),
    (6,9),
    (6,12),
    (7,11),
    (7,10),
    (8,1),
    (8,11),
    (8,12),
    (9, 15),
    (9,16),
    (9,13),
    (9,14),
    (10,1),
    (10,17),
    (10,18)

